Method,F1-Score,Precision,Recall
Feature Selection (FS),0.4667128987517337,0.3894675925925926,0.5821799307958477
PCA (Feature Extraction),0.3568444335217498,0.41320432555492315,0.3140138408304498
